{"data":{"Year":[2010,2011,2012,2013,2014,2015,2016,2017,2018],"Units":["\u043f\u0440\u043e\u0446\u0435\u043d\u0442","\u043f\u0440\u043e\u0446\u0435\u043d\u0442","\u043f\u0440\u043e\u0446\u0435\u043d\u0442","\u043f\u0440\u043e\u0446\u0435\u043d\u0442","\u043f\u0440\u043e\u0446\u0435\u043d\u0442","\u043f\u0440\u043e\u0446\u0435\u043d\u0442","\u043f\u0440\u043e\u0446\u0435\u043d\u0442","\u043f\u0440\u043e\u0446\u0435\u043d\u0442","\u043f\u0440\u043e\u0446\u0435\u043d\u0442"],"Value":[27.2082845641,27.4073853688,28.5020902011,28.4555801745,26.2482240768,25.8366662706,26.7992910057,22.6387474044,26.6]},"edges":[]}