{"data":{"Year":[2015,2016,2017,2015,2015,2016,2017,2015],"Units":["\u043c\u043b\u043d.\u0434\u043e\u043b\u043b\u0430\u0440\u043e\u0432 \u0421\u0428\u0410","\u043c\u043b\u043d.\u0434\u043e\u043b\u043b\u0430\u0440\u043e\u0432 \u0421\u0428\u0410","\u043c\u043b\u043d.\u0434\u043e\u043b\u043b\u0430\u0440\u043e\u0432 \u0421\u0428\u0410","\u043c\u043b\u043d.\u0434\u043e\u043b\u043b\u0430\u0440\u043e\u0432 \u0421\u0428\u0410","\u043c\u043b\u043d.\u0434\u043e\u043b\u043b\u0430\u0440\u043e\u0432 \u0421\u0428\u0410","\u043c\u043b\u043d.\u0434\u043e\u043b\u043b\u0430\u0440\u043e\u0432 \u0421\u0428\u0410","\u043c\u043b\u043d.\u0434\u043e\u043b\u043b\u0430\u0440\u043e\u0432 \u0421\u0428\u0410","\u043c\u043b\u043d.\u0434\u043e\u043b\u043b\u0430\u0440\u043e\u0432 \u0421\u0428\u0410"],"Value":[4.265647,6.449895,11.380076,0.044881,4.2654660697,6.4468855213,10.7763920154,0.0448810324]},"edges":[]}