{"data":{"Year":[2015,2016,2017,2018,2015,2016,2017,2018,2015,2016,2017,2018],"Units":["\u043f\u0440\u043e\u0446\u0435\u043d\u0442","\u043f\u0440\u043e\u0446\u0435\u043d\u0442","\u043f\u0440\u043e\u0446\u0435\u043d\u0442","\u043f\u0440\u043e\u0446\u0435\u043d\u0442","\u043f\u0440\u043e\u0446\u0435\u043d\u0442","\u043f\u0440\u043e\u0446\u0435\u043d\u0442","\u043f\u0440\u043e\u0446\u0435\u043d\u0442","\u043f\u0440\u043e\u0446\u0435\u043d\u0442","\u043f\u0440\u043e\u0446\u0435\u043d\u0442","\u043f\u0440\u043e\u0446\u0435\u043d\u0442","\u043f\u0440\u043e\u0446\u0435\u043d\u0442","\u043f\u0440\u043e\u0446\u0435\u043d\u0442"],"\u041f\u043e\u043b":[null,null,null,null,"\u043c\u0443\u0436\u0447\u0438\u043d\u044b","\u043c\u0443\u0436\u0447\u0438\u043d\u044b","\u043c\u0443\u0436\u0447\u0438\u043d\u044b","\u043c\u0443\u0436\u0447\u0438\u043d\u044b","\u0436\u0435\u043d\u0449\u0438\u043d\u044b","\u0436\u0435\u043d\u0449\u0438\u043d\u044b","\u0436\u0435\u043d\u0449\u0438\u043d\u044b","\u0436\u0435\u043d\u0449\u0438\u043d\u044b"],"Value":[99.8121340984,95.8577763904,99.1975500376,93.8309692912,100.0,98.7780040733,99.7766105174,91.6523663904,95.5454764777,92.8818255909,98.5943469898,96.2653670644]},"edges":[]}