Year,Units,Value
2010,процент,13.449512659178328
2011,процент,14.10023908200086
2012,процент,13.204390372567033
2013,процент,13.275371720225834
2014,процент,12.0
2015,процент,11.0
2016,процент,12.0
2017,процент,12.0
2018,процент,13.4
