Year,Units,Value
2011,процент,15.03
2012,процент,13.74
2013,процент,13.89
2014,процент,10.18
2015,процент,10.75
2016,процент,8.33
2017,процент,15.56
2018,процент,12.87
2014,млн.долл.США,23725.5328442732
2015,млн.долл.США,15169.501879678994
2016,млн.долл.США,21046.413407961463
2017,млн.долл.США,20899.48552877959
