Year,Units,Value
2011,процент,50.6
2012,процент,61.90662401932264
2013,процент,63.3
2014,процент,63.9
2015,процент,72.8660129673921
2016,процент,76.8
2017,процент,78.8
2018,процент,81.3
