Year,Units,Value
2015,процент,99.81213409838932
2016,процент,95.85777639042871
2017,процент,99.19755003760682
2018,процент,93.83096929119436
2010,процент,81.6
2015,процент,90.8
