Year,Units,Value
2012,человек,3.5065578554111165
2013,человек,3.685402162446737
2014,человек,3.433270472821785
2015,человек,3.401218387391052
2016,человек,3.041477748548792
2017,человек,2.6269248163889456
