Year,Units,Value
2012,процент,98.38598288125506
2013,процент,99.99871781035999
2014,процент,99.99946178916342
2015,процент,100.0
2016,процент,100.0
2017,процент,100.0
2018,процент,100.0
