Year,Units,Value
2015,тыс.тенге,9.700176366843033
2016,тыс.тенге,29.00590104403087
2017,тыс.тенге,39.81636060100167
2018,тыс.тенге,49.95730145175064
