Year,Units,Value
2010,процент,5.7246551141938316
2011,процент,5.1160227566437175
2012,процент,5.895514825699013
2013,процент,5.755110647925178
2014,процент,6.96335857005814
2015,процент,7.873647499522124
2016,процент,7.199852173571244
2017,процент,6.360494998547763
2018,процент,6.0
