Year,Units,Value
2015,млн.долларов США,0.6691161121573223
2016,млн.долларов США,1.8090815709497967
2017,млн.долларов США,0.12537300629136067
