Year,Units,Value
2010,человек,665.9775300284183
2011,человек,693.8370803132727
2012,человек,803.5926917728937
2013,человек,1009.3598386902684
2014,человек,1094.9611254094896
2015,человек,1051.9411774832372
2016,человек,979.0348518086518
2017,человек,953.8315588351912
2018,человек,948.8107521013108
