{"Year":[2010,2011,2012,2013,2014,2015,2016,2017,2018,2010,2011,2012,2013,2014,2015,2016,2017,2018],"Units":["\u043d\u0430 100 000 \u0447\u0435\u043b\u043e\u0432\u0435\u043a","\u043d\u0430 100 000 \u0447\u0435\u043b\u043e\u0432\u0435\u043a","\u043d\u0430 100 000 \u0447\u0435\u043b\u043e\u0432\u0435\u043a","\u043d\u0430 100 000 \u0447\u0435\u043b\u043e\u0432\u0435\u043a","\u043d\u0430 100 000 \u0447\u0435\u043b\u043e\u0432\u0435\u043a","\u043d\u0430 100 000 \u0447\u0435\u043b\u043e\u0432\u0435\u043a","\u043d\u0430 100 000 \u0447\u0435\u043b\u043e\u0432\u0435\u043a","\u043d\u0430 100 000 \u0447\u0435\u043b\u043e\u0432\u0435\u043a","\u043d\u0430 100 000 \u0447\u0435\u043b\u043e\u0432\u0435\u043a","\u043d\u0430 100 000 \u0447\u0435\u043b\u043e\u0432\u0435\u043a","\u043d\u0430 100 000 \u0447\u0435\u043b\u043e\u0432\u0435\u043a","\u043d\u0430 100 000 \u0447\u0435\u043b\u043e\u0432\u0435\u043a","\u043d\u0430 100 000 \u0447\u0435\u043b\u043e\u0432\u0435\u043a","\u043d\u0430 100 000 \u0447\u0435\u043b\u043e\u0432\u0435\u043a","\u043d\u0430 100 000 \u0447\u0435\u043b\u043e\u0432\u0435\u043a","\u043d\u0430 100 000 \u0447\u0435\u043b\u043e\u0432\u0435\u043a","\u043d\u0430 100 000 \u0447\u0435\u043b\u043e\u0432\u0435\u043a","\u043d\u0430 100 000 \u0447\u0435\u043b\u043e\u0432\u0435\u043a"],"\u0416\u0435\u0440\u0442\u0432\u044b \u0447\u0440\u0435\u0437\u0432\u044b\u0447\u0430\u0439\u043d\u044b\u0445 \u0441\u0438\u0442\u0443\u0430\u0446\u0438\u0439":["\u043f\u043e\u0441\u0442\u0440\u0430\u0434\u0430\u043b\u043e","\u043f\u043e\u0441\u0442\u0440\u0430\u0434\u0430\u043b\u043e","\u043f\u043e\u0441\u0442\u0440\u0430\u0434\u0430\u043b\u043e","\u043f\u043e\u0441\u0442\u0440\u0430\u0434\u0430\u043b\u043e","\u043f\u043e\u0441\u0442\u0440\u0430\u0434\u0430\u043b\u043e","\u043f\u043e\u0441\u0442\u0440\u0430\u0434\u0430\u043b\u043e","\u043f\u043e\u0441\u0442\u0440\u0430\u0434\u0430\u043b\u043e","\u043f\u043e\u0441\u0442\u0440\u0430\u0434\u0430\u043b\u043e","\u043f\u043e\u0441\u0442\u0440\u0430\u0434\u0430\u043b\u043e",null,null,null,null,null,null,null,null,null],"Value":[0.00145,0.00012,0.0002,0.00012,0.00019,0.00008,0.00008,0.00035,0.00008,0.00053,0.00005,0.00015,0.00003,0.00009,0.0,0.00001,0.00011,0.00001]}