{"Year":[2010,2011,2012,2013,2014,2015,2016,2017],"Units":["\u043f\u0440\u043e\u0446\u0435\u043d\u0442","\u043f\u0440\u043e\u0446\u0435\u043d\u0442","\u043f\u0440\u043e\u0446\u0435\u043d\u0442","\u043f\u0440\u043e\u0446\u0435\u043d\u0442","\u043f\u0440\u043e\u0446\u0435\u043d\u0442","\u043f\u0440\u043e\u0446\u0435\u043d\u0442","\u043f\u0440\u043e\u0446\u0435\u043d\u0442","\u043f\u0440\u043e\u0446\u0435\u043d\u0442"],"Value":[16.5773241809,21.5509877045,23.0628310922,18.5979628916,21.0100443634,20.1604947004,14.8033090877,16.1490075703]}