{"Year":[2015,2016,2017,2015,2016,2017,2015,2016,2017],"Units":["\u043c\u043b\u043d.\u0434\u043e\u043b\u043b\u0430\u0440\u043e\u0432 \u0421\u0428\u0410","\u043c\u043b\u043d.\u0434\u043e\u043b\u043b\u0430\u0440\u043e\u0432 \u0421\u0428\u0410","\u043c\u043b\u043d.\u0434\u043e\u043b\u043b\u0430\u0440\u043e\u0432 \u0421\u0428\u0410","\u043c\u043b\u043d.\u0434\u043e\u043b\u043b\u0430\u0440\u043e\u0432 \u0421\u0428\u0410","\u043c\u043b\u043d.\u0434\u043e\u043b\u043b\u0430\u0440\u043e\u0432 \u0421\u0428\u0410","\u043c\u043b\u043d.\u0434\u043e\u043b\u043b\u0430\u0440\u043e\u0432 \u0421\u0428\u0410","\u043c\u043b\u043d.\u0434\u043e\u043b\u043b\u0430\u0440\u043e\u0432 \u0421\u0428\u0410","\u043c\u043b\u043d.\u0434\u043e\u043b\u043b\u0430\u0440\u043e\u0432 \u0421\u0428\u0410","\u043c\u043b\u043d.\u0434\u043e\u043b\u043b\u0430\u0440\u043e\u0432 \u0421\u0428\u0410"],"\u041e\u0444\u0438\u0446\u0438\u0430\u043b\u044c\u043d\u0430\u044f \u043f\u043e\u043c\u043e\u0449\u044c \u0434\u043b\u044f \u0440\u0430\u0437\u0432\u0438\u0442\u0438\u044f":["\u041a\u0430\u0437\u0430\u0445\u0441\u0442\u0430\u043d-\u043f\u043e\u043b\u0443\u0447\u0430\u0442\u0435\u043b\u044c","\u041a\u0430\u0437\u0430\u0445\u0441\u0442\u0430\u043d-\u043f\u043e\u043b\u0443\u0447\u0430\u0442\u0435\u043b\u044c","\u041a\u0430\u0437\u0430\u0445\u0441\u0442\u0430\u043d-\u043f\u043e\u043b\u0443\u0447\u0430\u0442\u0435\u043b\u044c","\u041a\u0430\u0437\u0430\u0445\u0441\u0442\u0430\u043d-\u0434\u043e\u043d\u043e\u0440","\u041a\u0430\u0437\u0430\u0445\u0441\u0442\u0430\u043d-\u0434\u043e\u043d\u043e\u0440","\u041a\u0430\u0437\u0430\u0445\u0441\u0442\u0430\u043d-\u0434\u043e\u043d\u043e\u0440",null,null,null],"Value":[15.5697922754,33.6019293106,7.5530878663,286.8825937696,306.6036966649,169.8418321346,0.6691161122,1.8090815709,0.1253730063]}